--- CREATE A DATABASE NAMED [destination] (For dbt project)
-- CREATE SCHEMA named origin
USE [destination]

CREATE TABLE origin.sales (
sales_id int not null,
seller_id int not null,
item_description varchar(max) not null,
value decimal(28,14) not null,
date date not null,
supervisor_name varchar(max) not null
);

INSERT INTO origin.sales (sales_id,seller_id,item_description,value,date,supervisor_name) VALUES (1,1,'t-shirt',10,'2022-02-01','bernard')
INSERT INTO origin.sales (sales_id,seller_id,item_description,value,date,supervisor_name) VALUES (2,1,'t-shirt',10,'2022-02-02','bernard')
INSERT INTO origin.sales (sales_id,seller_id,item_description,value,date,supervisor_name) VALUES (3,1,'shoe',20,'2022-02-10','bernard')
INSERT INTO origin.sales (sales_id,seller_id,item_description,value,date,supervisor_name) VALUES (4,1,'shoe',30,'2022-02-10','bernard')
INSERT INTO origin.sales (sales_id,seller_id,item_description,value,date,supervisor_name) VALUES (5,1,'shoe',20,'2022-02-10','bernard')
INSERT INTO origin.sales (sales_id,seller_id,item_description,value,date,supervisor_name) VALUES (6,1,'shoe',20,'2022-02-10','bernard')
INSERT INTO origin.sales (sales_id,seller_id,item_description,value,date,supervisor_name) VALUES (7,1,'t-shirt',15,'2022-02-10','bernard')
INSERT INTO origin.sales (sales_id,seller_id,item_description,value,date,supervisor_name) VALUES (8,1,'t-shirt',15,'2022-02-10','bernard')
INSERT INTO origin.sales (sales_id,seller_id,item_description,value,date,supervisor_name) VALUES (9,1,'t-shirt',15,'2022-02-10','bernard')
INSERT INTO origin.sales (sales_id,seller_id,item_description,value,date,supervisor_name) VALUES (10,1,'t-shirt',15,'2022-02-20','bernard')
INSERT INTO origin.sales (sales_id,seller_id,item_description,value,date,supervisor_name) VALUES (11,2,'shorts',30,'2022-02-20','julian')
INSERT INTO origin.sales (sales_id,seller_id,item_description,value,date,supervisor_name) VALUES (12,2,'shorts',20,'2022-02-20','julian')
INSERT INTO origin.sales (sales_id,seller_id,item_description,value,date,supervisor_name) VALUES (13,2,'shorts',30,'2022-02-20','julian')
INSERT INTO origin.sales (sales_id,seller_id,item_description,value,date,supervisor_name) VALUES (14,2,'shorts',40,'2022-02-20','julian')
INSERT INTO origin.sales (sales_id,seller_id,item_description,value,date,supervisor_name) VALUES (15,3,'shorts',50,'2022-02-20','julian')
INSERT INTO origin.sales (sales_id,seller_id,item_description,value,date,supervisor_name) VALUES (16,3,'sneakers',25,'2022-02-20','julian')
INSERT INTO origin.sales (sales_id,seller_id,item_description,value,date,supervisor_name) VALUES (17,3,'sneakers',25,'2022-02-28','julian')
INSERT INTO origin.sales (sales_id,seller_id,item_description,value,date,supervisor_name) VALUES (18,3,'sneakers',50,'2022-02-28','julian')
INSERT INTO origin.sales (sales_id,seller_id,item_description,value,date,supervisor_name) VALUES (19,3,'sneakers',25,'2022-02-28','julian')
INSERT INTO origin.sales (sales_id,seller_id,item_description,value,date,supervisor_name) VALUES (20,2,'sneakers',200,'2022-02-28','julian')
INSERT INTO origin.sales (sales_id,seller_id,item_description,value,date,supervisor_name) VALUES (21,1,'t-shirt',20,'2022-03-01','bernard')
INSERT INTO origin.sales (sales_id,seller_id,item_description,value,date,supervisor_name) VALUES (22,1,'t-shirt',20,'2022-03-02','bernard')
INSERT INTO origin.sales (sales_id,seller_id,item_description,value,date,supervisor_name) VALUES (23,1,'shoe',30,'2022-03-03','bernard')
INSERT INTO origin.sales (sales_id,seller_id,item_description,value,date,supervisor_name) VALUES (24,1,'shoe',40,'2022-03-04','bernard')
INSERT INTO origin.sales (sales_id,seller_id,item_description,value,date,supervisor_name) VALUES (25,1,'shoe',30,'2022-03-05','bernard')
INSERT INTO origin.sales (sales_id,seller_id,item_description,value,date,supervisor_name) VALUES (26,1,'shoe',30,'2022-03-06','bernard')
INSERT INTO origin.sales (sales_id,seller_id,item_description,value,date,supervisor_name) VALUES (27,1,'t-shirt',25,'2022-03-07','bernard')
INSERT INTO origin.sales (sales_id,seller_id,item_description,value,date,supervisor_name) VALUES (28,1,'t-shirt',25,'2022-03-08','bernard')
INSERT INTO origin.sales (sales_id,seller_id,item_description,value,date,supervisor_name) VALUES (29,1,'t-shirt',25,'2022-03-09','bernard')
INSERT INTO origin.sales (sales_id,seller_id,item_description,value,date,supervisor_name) VALUES (30,1,'t-shirt',25,'2022-03-10','bernard')
INSERT INTO origin.sales (sales_id,seller_id,item_description,value,date,supervisor_name) VALUES (31,2,'shorts',40,'2022-03-11','julian')
INSERT INTO origin.sales (sales_id,seller_id,item_description,value,date,supervisor_name) VALUES (32,2,'shorts',30,'2022-03-12','julian')
INSERT INTO origin.sales (sales_id,seller_id,item_description,value,date,supervisor_name) VALUES (33,2,'shorts',40,'2022-03-13','julian')
INSERT INTO origin.sales (sales_id,seller_id,item_description,value,date,supervisor_name) VALUES (34,2,'shorts',50,'2022-03-14','julian')
INSERT INTO origin.sales (sales_id,seller_id,item_description,value,date,supervisor_name) VALUES (35,3,'shorts',60,'2022-03-15','julian')
INSERT INTO origin.sales (sales_id,seller_id,item_description,value,date,supervisor_name) VALUES (36,3,'sneakers',35,'2022-03-16','julian')
INSERT INTO origin.sales (sales_id,seller_id,item_description,value,date,supervisor_name) VALUES (37,3,'sneakers',35,'2022-03-17','julian')
INSERT INTO origin.sales (sales_id,seller_id,item_description,value,date,supervisor_name) VALUES (38,3,'sneakers',60,'2022-03-18','julian')
INSERT INTO origin.sales (sales_id,seller_id,item_description,value,date,supervisor_name) VALUES (39,3,'sneakers',35,'2022-03-19','julian')
INSERT INTO origin.sales (sales_id,seller_id,item_description,value,date,supervisor_name) VALUES (40,2,'sneakers',210,'2022-03-20','julian')
INSERT INTO origin.sales (sales_id,seller_id,item_description,value,date,supervisor_name) VALUES (41,1,'t-shirt',30,'2022-03-21','bernard')
INSERT INTO origin.sales (sales_id,seller_id,item_description,value,date,supervisor_name) VALUES (42,1,'t-shirt',30,'2022-03-22','bernard')
INSERT INTO origin.sales (sales_id,seller_id,item_description,value,date,supervisor_name) VALUES (43,1,'t-shirt',40,'2022-03-23','bernard')
INSERT INTO origin.sales (sales_id,seller_id,item_description,value,date,supervisor_name) VALUES (44,1,'t-shirt',50,'2022-03-24','bernard')
INSERT INTO origin.sales (sales_id,seller_id,item_description,value,date,supervisor_name) VALUES (45,2,'shorts',40,'2022-03-25','julian')
INSERT INTO origin.sales (sales_id,seller_id,item_description,value,date,supervisor_name) VALUES (46,2,'shorts',40,'2022-03-26','julian')
INSERT INTO origin.sales (sales_id,seller_id,item_description,value,date,supervisor_name) VALUES (47,2,'shorts',35,'2022-03-27','julian')
INSERT INTO origin.sales (sales_id,seller_id,item_description,value,date,supervisor_name) VALUES (48,2,'shorts',35,'2022-03-28','julian')
INSERT INTO origin.sales (sales_id,seller_id,item_description,value,date,supervisor_name) VALUES (49,3,'shorts',35,'2022-03-29','julian')
INSERT INTO origin.sales (sales_id,seller_id,item_description,value,date,supervisor_name) VALUES (50,3,'sneakers',35,'2022-03-30','julian')
INSERT INTO origin.sales (sales_id,seller_id,item_description,value,date,supervisor_name) VALUES (51,3,'sneakers',50,'2022-03-31','julian')
INSERT INTO origin.sales (sales_id,seller_id,item_description,value,date,supervisor_name) VALUES (52,3,'sneakers',40,'2022-04-01','julian')
INSERT INTO origin.sales (sales_id,seller_id,item_description,value,date,supervisor_name) VALUES (53,3,'sneakers',50,'2022-04-02','julian')
INSERT INTO origin.sales (sales_id,seller_id,item_description,value,date,supervisor_name) VALUES (54,2,'sneakers',60,'2022-04-03','julian')
INSERT INTO origin.sales (sales_id,seller_id,item_description,value,date,supervisor_name) VALUES (55,1,'t-shirt',70,'2022-04-04','bernard')
INSERT INTO origin.sales (sales_id,seller_id,item_description,value,date,supervisor_name) VALUES (56,3,'sneakers',45,'2022-04-05','julian')
INSERT INTO origin.sales (sales_id,seller_id,item_description,value,date,supervisor_name) VALUES (57,3,'sneakers',45,'2022-04-06','julian')
INSERT INTO origin.sales (sales_id,seller_id,item_description,value,date,supervisor_name) VALUES (58,3,'sneakers',70,'2022-04-07','julian')
INSERT INTO origin.sales (sales_id,seller_id,item_description,value,date,supervisor_name) VALUES (59,3,'sneakers',45,'2022-04-08','julian')
INSERT INTO origin.sales (sales_id,seller_id,item_description,value,date,supervisor_name) VALUES (60,2,'sneakers',220,'2022-04-09','julian')
INSERT INTO origin.sales (sales_id,seller_id,item_description,value,date,supervisor_name) VALUES (61,1,'t-shirt',40,'2022-04-10','bernard')
INSERT INTO origin.sales (sales_id,seller_id,item_description,value,date,supervisor_name) VALUES (62,1,'t-shirt',40,'2022-04-11','bernard')
INSERT INTO origin.sales (sales_id,seller_id,item_description,value,date,supervisor_name) VALUES (63,1,'t-shirt',50,'2022-04-12','bernard')
INSERT INTO origin.sales (sales_id,seller_id,item_description,value,date,supervisor_name) VALUES (64,1,'t-shirt',60,'2022-04-13','bernard')
INSERT INTO origin.sales (sales_id,seller_id,item_description,value,date,supervisor_name) VALUES (65,2,'shorts',50,'2022-04-14','julian')
INSERT INTO origin.sales (sales_id,seller_id,item_description,value,date,supervisor_name) VALUES (66,2,'shorts',50,'2022-04-15','julian')
INSERT INTO origin.sales (sales_id,seller_id,item_description,value,date,supervisor_name) VALUES (67,2,'shorts',45,'2022-04-16','julian')
INSERT INTO origin.sales (sales_id,seller_id,item_description,value,date,supervisor_name) VALUES (68,1,'t-shirt',45,'2022-04-17','bernard')
INSERT INTO origin.sales (sales_id,seller_id,item_description,value,date,supervisor_name) VALUES (69,1,'t-shirt',45,'2022-04-18','bernard')
INSERT INTO origin.sales (sales_id,seller_id,item_description,value,date,supervisor_name) VALUES (70,1,'shoe',45,'2022-04-19','bernard')
INSERT INTO origin.sales (sales_id,seller_id,item_description,value,date,supervisor_name) VALUES (71,1,'shoe',60,'2022-04-20','bernard')
INSERT INTO origin.sales (sales_id,seller_id,item_description,value,date,supervisor_name) VALUES (72,1,'shoe',50,'2022-04-21','bernard')
INSERT INTO origin.sales (sales_id,seller_id,item_description,value,date,supervisor_name) VALUES (73,1,'shoe',60,'2022-04-22','bernard')
INSERT INTO origin.sales (sales_id,seller_id,item_description,value,date,supervisor_name) VALUES (74,1,'t-shirt',70,'2022-04-23','bernard')
INSERT INTO origin.sales (sales_id,seller_id,item_description,value,date,supervisor_name) VALUES (75,1,'t-shirt',80,'2022-04-24','bernard')
INSERT INTO origin.sales (sales_id,seller_id,item_description,value,date,supervisor_name) VALUES (76,1,'t-shirt',55,'2022-04-25','bernard')
INSERT INTO origin.sales (sales_id,seller_id,item_description,value,date,supervisor_name) VALUES (77,1,'t-shirt',55,'2022-04-26','bernard')
INSERT INTO origin.sales (sales_id,seller_id,item_description,value,date,supervisor_name) VALUES (78,2,'shorts',80,'2022-04-27','julian')
INSERT INTO origin.sales (sales_id,seller_id,item_description,value,date,supervisor_name) VALUES (79,2,'shorts',55,'2022-04-28','julian')
INSERT INTO origin.sales (sales_id,seller_id,item_description,value,date,supervisor_name) VALUES (80,2,'shorts',230,'2022-04-29','julian')
INSERT INTO origin.sales (sales_id,seller_id,item_description,value,date,supervisor_name) VALUES (81,2,'shorts',50,'2022-04-30','julian')
INSERT INTO origin.sales (sales_id,seller_id,item_description,value,date,supervisor_name) VALUES (82,3,'shorts',50,'2022-05-01','julian')
INSERT INTO origin.sales (sales_id,seller_id,item_description,value,date,supervisor_name) VALUES (83,3,'sneakers',60,'2022-05-02','julian')
INSERT INTO origin.sales (sales_id,seller_id,item_description,value,date,supervisor_name) VALUES (84,3,'sneakers',70,'2022-05-03','julian')
INSERT INTO origin.sales (sales_id,seller_id,item_description,value,date,supervisor_name) VALUES (85,3,'sneakers',60,'2022-05-04','julian')
INSERT INTO origin.sales (sales_id,seller_id,item_description,value,date,supervisor_name) VALUES (86,3,'sneakers',60,'2022-05-05','julian')
INSERT INTO origin.sales (sales_id,seller_id,item_description,value,date,supervisor_name) VALUES (87,2,'sneakers',55,'2022-05-06','julian')
INSERT INTO origin.sales (sales_id,seller_id,item_description,value,date,supervisor_name) VALUES (88,1,'t-shirt',55,'2022-05-07','bernard')
INSERT INTO origin.sales (sales_id,seller_id,item_description,value,date,supervisor_name) VALUES (89,1,'t-shirt',55,'2022-05-08','bernard')
INSERT INTO origin.sales (sales_id,seller_id,item_description,value,date,supervisor_name) VALUES (90,1,'shoe',55,'2022-05-09','bernard')
INSERT INTO origin.sales (sales_id,seller_id,item_description,value,date,supervisor_name) VALUES (91,1,'shoe',70,'2022-05-10','bernard')
INSERT INTO origin.sales (sales_id,seller_id,item_description,value,date,supervisor_name) VALUES (92,1,'shoe',60,'2022-05-11','bernard')
INSERT INTO origin.sales (sales_id,seller_id,item_description,value,date,supervisor_name) VALUES (93,1,'shoe',70,'2022-05-12','bernard')
INSERT INTO origin.sales (sales_id,seller_id,item_description,value,date,supervisor_name) VALUES (94,1,'t-shirt',80,'2022-05-13','bernard')
INSERT INTO origin.sales (sales_id,seller_id,item_description,value,date,supervisor_name) VALUES (95,1,'t-shirt',90,'2022-05-14','bernard')
INSERT INTO origin.sales (sales_id,seller_id,item_description,value,date,supervisor_name) VALUES (96,1,'t-shirt',65,'2022-05-15','bernard')
INSERT INTO origin.sales (sales_id,seller_id,item_description,value,date,supervisor_name) VALUES (97,1,'t-shirt',65,'2022-05-16','bernard')
INSERT INTO origin.sales (sales_id,seller_id,item_description,value,date,supervisor_name) VALUES (98,2,'shorts',90,'2022-05-17','julian')
INSERT INTO origin.sales (sales_id,seller_id,item_description,value,date,supervisor_name) VALUES (99,2,'shorts',65,'2022-05-18','julian')
INSERT INTO origin.sales (sales_id,seller_id,item_description,value,date,supervisor_name) VALUES (100,2,'shorts',240,'2022-05-19','julian')
INSERT INTO origin.sales (sales_id,seller_id,item_description,value,date,supervisor_name) VALUES (101,2,'shorts',60,'2022-05-20','julian')
INSERT INTO origin.sales (sales_id,seller_id,item_description,value,date,supervisor_name) VALUES (102,3,'shorts',60,'2022-05-21','julian')
INSERT INTO origin.sales (sales_id,seller_id,item_description,value,date,supervisor_name) VALUES (103,3,'sneakers',70,'2022-05-22','julian')
INSERT INTO origin.sales (sales_id,seller_id,item_description,value,date,supervisor_name) VALUES (104,3,'sneakers',80,'2022-05-23','julian')
INSERT INTO origin.sales (sales_id,seller_id,item_description,value,date,supervisor_name) VALUES (105,3,'sneakers',70,'2022-05-24','julian')
INSERT INTO origin.sales (sales_id,seller_id,item_description,value,date,supervisor_name) VALUES (106,3,'sneakers',70,'2022-05-25','julian')
INSERT INTO origin.sales (sales_id,seller_id,item_description,value,date,supervisor_name) VALUES (107,2,'sneakers',65,'2022-05-26','julian')
INSERT INTO origin.sales (sales_id,seller_id,item_description,value,date,supervisor_name) VALUES (108,1,'t-shirt',65,'2022-05-27','bernard')
INSERT INTO origin.sales (sales_id,seller_id,item_description,value,date,supervisor_name) VALUES (109,1,'t-shirt',65,'2022-05-28','bernard')
INSERT INTO origin.sales (sales_id,seller_id,item_description,value,date,supervisor_name) VALUES (110,1,'t-shirt',65,'2022-05-29','bernard')
INSERT INTO origin.sales (sales_id,seller_id,item_description,value,date,supervisor_name) VALUES (111,1,'t-shirt',80,'2022-05-30','bernard')
INSERT INTO origin.sales (sales_id,seller_id,item_description,value,date,supervisor_name) VALUES (112,2,'shorts',70,'2022-05-31','julian')
INSERT INTO origin.sales (sales_id,seller_id,item_description,value,date,supervisor_name) VALUES (113,2,'shorts',80,'2022-06-01','julian')
INSERT INTO origin.sales (sales_id,seller_id,item_description,value,date,supervisor_name) VALUES (114,2,'shorts',90,'2022-06-02','julian')
INSERT INTO origin.sales (sales_id,seller_id,item_description,value,date,supervisor_name) VALUES (115,2,'shorts',100,'2022-06-03','julian')
INSERT INTO origin.sales (sales_id,seller_id,item_description,value,date,supervisor_name) VALUES (116,3,'shorts',75,'2022-06-04','julian')
INSERT INTO origin.sales (sales_id,seller_id,item_description,value,date,supervisor_name) VALUES (117,3,'sneakers',75,'2022-06-05','julian')
INSERT INTO origin.sales (sales_id,seller_id,item_description,value,date,supervisor_name) VALUES (118,3,'sneakers',100,'2022-06-06','julian')
INSERT INTO origin.sales (sales_id,seller_id,item_description,value,date,supervisor_name) VALUES (119,3,'sneakers',75,'2022-06-07','julian')
INSERT INTO origin.sales (sales_id,seller_id,item_description,value,date,supervisor_name) VALUES (120,3,'sneakers',250,'2022-06-08','julian')
INSERT INTO origin.sales (sales_id,seller_id,item_description,value,date,supervisor_name) VALUES (121,2,'sneakers',70,'2022-06-09','julian')
INSERT INTO origin.sales (sales_id,seller_id,item_description,value,date,supervisor_name) VALUES (122,1,'t-shirt',70,'2022-06-10','bernard')
INSERT INTO origin.sales (sales_id,seller_id,item_description,value,date,supervisor_name) VALUES (123,3,'sneakers',80,'2022-06-11','julian')
INSERT INTO origin.sales (sales_id,seller_id,item_description,value,date,supervisor_name) VALUES (124,3,'sneakers',90,'2022-06-12','julian')
INSERT INTO origin.sales (sales_id,seller_id,item_description,value,date,supervisor_name) VALUES (125,3,'sneakers',80,'2022-06-13','julian')
INSERT INTO origin.sales (sales_id,seller_id,item_description,value,date,supervisor_name) VALUES (126,3,'sneakers',80,'2022-06-14','julian')
INSERT INTO origin.sales (sales_id,seller_id,item_description,value,date,supervisor_name) VALUES (127,2,'sneakers',75,'2022-06-15','julian')
INSERT INTO origin.sales (sales_id,seller_id,item_description,value,date,supervisor_name) VALUES (128,1,'t-shirt',75,'2022-06-16','bernard')
INSERT INTO origin.sales (sales_id,seller_id,item_description,value,date,supervisor_name) VALUES (129,1,'t-shirt',75,'2022-06-17','bernard')
INSERT INTO origin.sales (sales_id,seller_id,item_description,value,date,supervisor_name) VALUES (130,1,'t-shirt',75,'2022-06-18','bernard')
INSERT INTO origin.sales (sales_id,seller_id,item_description,value,date,supervisor_name) VALUES (131,1,'t-shirt',90,'2022-06-19','bernard')
INSERT INTO origin.sales (sales_id,seller_id,item_description,value,date,supervisor_name) VALUES (132,2,'shorts',80,'2022-06-20','julian')
INSERT INTO origin.sales (sales_id,seller_id,item_description,value,date,supervisor_name) VALUES (133,2,'shorts',90,'2022-06-21','julian')
INSERT INTO origin.sales (sales_id,seller_id,item_description,value,date,supervisor_name) VALUES (134,2,'shorts',100,'2022-06-22','julian')
INSERT INTO origin.sales (sales_id,seller_id,item_description,value,date,supervisor_name) VALUES (135,2,'sneakers',110,'2022-04-09','julian')
INSERT INTO origin.sales (sales_id,seller_id,item_description,value,date,supervisor_name) VALUES (136,1,'t-shirt',85,'2022-04-10','bernard')
INSERT INTO origin.sales (sales_id,seller_id,item_description,value,date,supervisor_name) VALUES (137,1,'t-shirt',85,'2022-04-11','bernard')
INSERT INTO origin.sales (sales_id,seller_id,item_description,value,date,supervisor_name) VALUES (138,1,'t-shirt',110,'2022-04-12','bernard')
INSERT INTO origin.sales (sales_id,seller_id,item_description,value,date,supervisor_name) VALUES (139,1,'t-shirt',85,'2022-04-13','bernard')
INSERT INTO origin.sales (sales_id,seller_id,item_description,value,date,supervisor_name) VALUES (140,2,'shorts',260,'2022-04-14','julian')
INSERT INTO origin.sales (sales_id,seller_id,item_description,value,date,supervisor_name) VALUES (141,2,'shorts',80,'2022-04-15','julian')
INSERT INTO origin.sales (sales_id,seller_id,item_description,value,date,supervisor_name) VALUES (142,2,'shorts',80,'2022-04-16','julian')
INSERT INTO origin.sales (sales_id,seller_id,item_description,value,date,supervisor_name) VALUES (143,1,'t-shirt',90,'2022-04-17','bernard')
INSERT INTO origin.sales (sales_id,seller_id,item_description,value,date,supervisor_name) VALUES (144,1,'t-shirt',100,'2022-04-18','bernard')
INSERT INTO origin.sales (sales_id,seller_id,item_description,value,date,supervisor_name) VALUES (145,1,'shoe',90,'2022-04-19','bernard')
INSERT INTO origin.sales (sales_id,seller_id,item_description,value,date,supervisor_name) VALUES (146,1,'shoe',90,'2022-04-20','bernard')
INSERT INTO origin.sales (sales_id,seller_id,item_description,value,date,supervisor_name) VALUES (147,1,'shoe',85,'2022-04-21','bernard')
INSERT INTO origin.sales (sales_id,seller_id,item_description,value,date,supervisor_name) VALUES (148,1,'shoe',85,'2022-04-22','bernard')
INSERT INTO origin.sales (sales_id,seller_id,item_description,value,date,supervisor_name) VALUES (149,1,'t-shirt',85,'2022-04-23','bernard')
INSERT INTO origin.sales (sales_id,seller_id,item_description,value,date,supervisor_name) VALUES (150,1,'t-shirt',85,'2022-04-24','bernard')
INSERT INTO origin.sales (sales_id,seller_id,item_description,value,date,supervisor_name) VALUES (151,1,'t-shirt',100,'2022-04-25','bernard')
INSERT INTO origin.sales (sales_id,seller_id,item_description,value,date,supervisor_name) VALUES (152,1,'t-shirt',90,'2022-04-26','bernard')
INSERT INTO origin.sales (sales_id,seller_id,item_description,value,date,supervisor_name) VALUES (153,2,'shorts',100,'2022-04-27','julian')
INSERT INTO origin.sales (sales_id,seller_id,item_description,value,date,supervisor_name) VALUES (154,2,'shorts',110,'2022-04-28','julian')
INSERT INTO origin.sales (sales_id,seller_id,item_description,value,date,supervisor_name) VALUES (155,2,'shorts',120,'2022-04-29','julian')
INSERT INTO origin.sales (sales_id,seller_id,item_description,value,date,supervisor_name) VALUES (156,2,'shorts',95,'2022-04-30','julian')
INSERT INTO origin.sales (sales_id,seller_id,item_description,value,date,supervisor_name) VALUES (157,3,'shorts',95,'2022-05-01','julian')
INSERT INTO origin.sales (sales_id,seller_id,item_description,value,date,supervisor_name) VALUES (158,3,'sneakers',120,'2022-05-02','julian')
INSERT INTO origin.sales (sales_id,seller_id,item_description,value,date,supervisor_name) VALUES (159,3,'sneakers',95,'2022-05-03','julian')
INSERT INTO origin.sales (sales_id,seller_id,item_description,value,date,supervisor_name) VALUES (160,3,'sneakers',270,'2022-05-04','julian')
INSERT INTO origin.sales (sales_id,seller_id,item_description,value,date,supervisor_name) VALUES (161,3,'sneakers',90,'2022-05-05','julian')
INSERT INTO origin.sales (sales_id,seller_id,item_description,value,date,supervisor_name) VALUES (162,2,'sneakers',90,'2022-05-06','julian')
INSERT INTO origin.sales (sales_id,seller_id,item_description,value,date,supervisor_name) VALUES (163,1,'t-shirt',100,'2022-05-07','bernard')
INSERT INTO origin.sales (sales_id,seller_id,item_description,value,date,supervisor_name) VALUES (164,1,'t-shirt',110,'2022-05-08','bernard')
INSERT INTO origin.sales (sales_id,seller_id,item_description,value,date,supervisor_name) VALUES (165,1,'shoe',100,'2022-05-09','bernard')
INSERT INTO origin.sales (sales_id,seller_id,item_description,value,date,supervisor_name) VALUES (166,1,'shoe',100,'2022-05-10','bernard')
INSERT INTO origin.sales (sales_id,seller_id,item_description,value,date,supervisor_name) VALUES (167,1,'shoe',95,'2022-05-11','bernard')
INSERT INTO origin.sales (sales_id,seller_id,item_description,value,date,supervisor_name) VALUES (168,1,'shoe',95,'2022-05-12','bernard')
INSERT INTO origin.sales (sales_id,seller_id,item_description,value,date,supervisor_name) VALUES (169,1,'t-shirt',95,'2022-05-13','bernard')
INSERT INTO origin.sales (sales_id,seller_id,item_description,value,date,supervisor_name) VALUES (170,1,'t-shirt',95,'2022-05-14','bernard')
INSERT INTO origin.sales (sales_id,seller_id,item_description,value,date,supervisor_name) VALUES (171,1,'t-shirt',110,'2022-05-15','bernard')
INSERT INTO origin.sales (sales_id,seller_id,item_description,value,date,supervisor_name) VALUES (172,1,'t-shirt',100,'2022-05-16','bernard')
INSERT INTO origin.sales (sales_id,seller_id,item_description,value,date,supervisor_name) VALUES (173,2,'shorts',110,'2022-05-17','julian')
INSERT INTO origin.sales (sales_id,seller_id,item_description,value,date,supervisor_name) VALUES (174,2,'shorts',120,'2022-05-18','julian')
INSERT INTO origin.sales (sales_id,seller_id,item_description,value,date,supervisor_name) VALUES (175,2,'shorts',130,'2022-05-19','julian')
INSERT INTO origin.sales (sales_id,seller_id,item_description,value,date,supervisor_name) VALUES (176,2,'shorts',105,'2022-05-20','julian')
INSERT INTO origin.sales (sales_id,seller_id,item_description,value,date,supervisor_name) VALUES (177,3,'shorts',105,'2022-05-21','julian')
INSERT INTO origin.sales (sales_id,seller_id,item_description,value,date,supervisor_name) VALUES (178,3,'sneakers',130,'2022-05-22','julian')
INSERT INTO origin.sales (sales_id,seller_id,item_description,value,date,supervisor_name) VALUES (179,3,'sneakers',105,'2022-05-23','julian')
INSERT INTO origin.sales (sales_id,seller_id,item_description,value,date,supervisor_name) VALUES (180,3,'sneakers',280,'2022-05-24','julian')
INSERT INTO origin.sales (sales_id,seller_id,item_description,value,date,supervisor_name) VALUES (181,3,'sneakers',100,'2022-05-25','julian')
INSERT INTO origin.sales (sales_id,seller_id,item_description,value,date,supervisor_name) VALUES (182,2,'sneakers',100,'2022-05-26','julian')
INSERT INTO origin.sales (sales_id,seller_id,item_description,value,date,supervisor_name) VALUES (183,1,'t-shirt',110,'2022-05-27','bernard')
INSERT INTO origin.sales (sales_id,seller_id,item_description,value,date,supervisor_name) VALUES (184,1,'t-shirt',120,'2022-05-28','bernard')
INSERT INTO origin.sales (sales_id,seller_id,item_description,value,date,supervisor_name) VALUES (185,1,'t-shirt',110,'2022-05-29','bernard')
INSERT INTO origin.sales (sales_id,seller_id,item_description,value,date,supervisor_name) VALUES (186,1,'t-shirt',110,'2022-05-30','bernard')
INSERT INTO origin.sales (sales_id,seller_id,item_description,value,date,supervisor_name) VALUES (187,2,'shorts',105,'2022-05-31','julian')
INSERT INTO origin.sales (sales_id,seller_id,item_description,value,date,supervisor_name) VALUES (188,2,'shorts',105,'2022-06-01','julian')
INSERT INTO origin.sales (sales_id,seller_id,item_description,value,date,supervisor_name) VALUES (189,2,'shorts',105,'2022-06-02','julian')
INSERT INTO origin.sales (sales_id,seller_id,item_description,value,date,supervisor_name) VALUES (190,2,'shorts',105,'2022-06-03','julian')
INSERT INTO origin.sales (sales_id,seller_id,item_description,value,date,supervisor_name) VALUES (191,3,'shorts',120,'2022-06-04','julian')
INSERT INTO origin.sales (sales_id,seller_id,item_description,value,date,supervisor_name) VALUES (192,3,'sneakers',110,'2022-06-05','julian')
INSERT INTO origin.sales (sales_id,seller_id,item_description,value,date,supervisor_name) VALUES (193,3,'sneakers',120,'2022-06-06','julian')
INSERT INTO origin.sales (sales_id,seller_id,item_description,value,date,supervisor_name) VALUES (194,3,'sneakers',130,'2022-06-07','julian')
INSERT INTO origin.sales (sales_id,seller_id,item_description,value,date,supervisor_name) VALUES (195,3,'sneakers',140,'2022-06-08','julian')
INSERT INTO origin.sales (sales_id,seller_id,item_description,value,date,supervisor_name) VALUES (196,2,'sneakers',115,'2022-06-09','julian')
INSERT INTO origin.sales (sales_id,seller_id,item_description,value,date,supervisor_name) VALUES (197,1,'t-shirt',115,'2022-06-10','bernard')
INSERT INTO origin.sales (sales_id,seller_id,item_description,value,date,supervisor_name) VALUES (198,3,'sneakers',140,'2022-06-11','julian')
INSERT INTO origin.sales (sales_id,seller_id,item_description,value,date,supervisor_name) VALUES (199,3,'sneakers',115,'2022-06-12','julian')
INSERT INTO origin.sales (sales_id,seller_id,item_description,value,date,supervisor_name) VALUES (200,3,'sneakers',290,'2022-06-13','julian')
INSERT INTO origin.sales (sales_id,seller_id,item_description,value,date,supervisor_name) VALUES (201,3,'sneakers',110,'2022-06-14','julian')
INSERT INTO origin.sales (sales_id,seller_id,item_description,value,date,supervisor_name) VALUES (202,2,'sneakers',110,'2022-06-15','julian')
INSERT INTO origin.sales (sales_id,seller_id,item_description,value,date,supervisor_name) VALUES (203,1,'t-shirt',120,'2022-06-16','bernard')
INSERT INTO origin.sales (sales_id,seller_id,item_description,value,date,supervisor_name) VALUES (204,1,'t-shirt',130,'2022-06-17','bernard')
INSERT INTO origin.sales (sales_id,seller_id,item_description,value,date,supervisor_name) VALUES (205,1,'t-shirt',120,'2022-06-18','bernard')
INSERT INTO origin.sales (sales_id,seller_id,item_description,value,date,supervisor_name) VALUES (206,1,'t-shirt',120,'2022-06-19','bernard')
INSERT INTO origin.sales (sales_id,seller_id,item_description,value,date,supervisor_name) VALUES (207,2,'shorts',115,'2022-06-20','julian')
INSERT INTO origin.sales (sales_id,seller_id,item_description,value,date,supervisor_name) VALUES (208,2,'shorts',115,'2022-06-21','julian')
INSERT INTO origin.sales (sales_id,seller_id,item_description,value,date,supervisor_name) VALUES (209,2,'shorts',115,'2022-06-22','julian')
INSERT INTO origin.sales (sales_id,seller_id,item_description,value,date,supervisor_name) VALUES (210,1,'t-shirt',10,'2022-02-01','bernard')
INSERT INTO origin.sales (sales_id,seller_id,item_description,value,date,supervisor_name) VALUES (211,1,'t-shirt',10,'2022-02-02','bernard')
INSERT INTO origin.sales (sales_id,seller_id,item_description,value,date,supervisor_name) VALUES (212,1,'shoe',20,'2022-02-10','bernard')
INSERT INTO origin.sales (sales_id,seller_id,item_description,value,date,supervisor_name) VALUES (213,1,'shoe',30,'2022-02-10','bernard')
INSERT INTO origin.sales (sales_id,seller_id,item_description,value,date,supervisor_name) VALUES (214,1,'shoe',20,'2022-02-10','bernard')
INSERT INTO origin.sales (sales_id,seller_id,item_description,value,date,supervisor_name) VALUES (215,1,'shoe',20,'2022-02-10','bernard')
INSERT INTO origin.sales (sales_id,seller_id,item_description,value,date,supervisor_name) VALUES (216,1,'t-shirt',15,'2022-02-10','bernard')
INSERT INTO origin.sales (sales_id,seller_id,item_description,value,date,supervisor_name) VALUES (217,1,'t-shirt',15,'2022-02-10','bernard')
INSERT INTO origin.sales (sales_id,seller_id,item_description,value,date,supervisor_name) VALUES (218,1,'t-shirt',15,'2022-02-10','bernard')
INSERT INTO origin.sales (sales_id,seller_id,item_description,value,date,supervisor_name) VALUES (219,1,'t-shirt',15,'2022-02-20','bernard')
INSERT INTO origin.sales (sales_id,seller_id,item_description,value,date,supervisor_name) VALUES (220,2,'shorts',30,'2022-02-20','julian')
INSERT INTO origin.sales (sales_id,seller_id,item_description,value,date,supervisor_name) VALUES (221,2,'shorts',20,'2022-02-20','julian')
INSERT INTO origin.sales (sales_id,seller_id,item_description,value,date,supervisor_name) VALUES (222,2,'shorts',30,'2022-02-20','julian')
INSERT INTO origin.sales (sales_id,seller_id,item_description,value,date,supervisor_name) VALUES (223,2,'shorts',40,'2022-02-20','julian')
INSERT INTO origin.sales (sales_id,seller_id,item_description,value,date,supervisor_name) VALUES (224,3,'shorts',50,'2022-02-20','julian')
INSERT INTO origin.sales (sales_id,seller_id,item_description,value,date,supervisor_name) VALUES (225,3,'sneakers',25,'2022-02-20','julian')
INSERT INTO origin.sales (sales_id,seller_id,item_description,value,date,supervisor_name) VALUES (226,3,'sneakers',25,'2022-02-28','julian')
INSERT INTO origin.sales (sales_id,seller_id,item_description,value,date,supervisor_name) VALUES (227,3,'sneakers',50,'2022-02-28','julian')
INSERT INTO origin.sales (sales_id,seller_id,item_description,value,date,supervisor_name) VALUES (228,3,'sneakers',25,'2022-02-28','julian')
INSERT INTO origin.sales (sales_id,seller_id,item_description,value,date,supervisor_name) VALUES (229,2,'sneakers',200,'2022-02-28','julian')
INSERT INTO origin.sales (sales_id,seller_id,item_description,value,date,supervisor_name) VALUES (230,1,'t-shirt',20,'2022-03-01','bernard')
INSERT INTO origin.sales (sales_id,seller_id,item_description,value,date,supervisor_name) VALUES (231,1,'t-shirt',20,'2022-03-02','bernard')
INSERT INTO origin.sales (sales_id,seller_id,item_description,value,date,supervisor_name) VALUES (232,1,'shoe',30,'2022-03-03','bernard')
INSERT INTO origin.sales (sales_id,seller_id,item_description,value,date,supervisor_name) VALUES (233,1,'shoe',40,'2022-03-04','bernard')
INSERT INTO origin.sales (sales_id,seller_id,item_description,value,date,supervisor_name) VALUES (234,1,'shoe',30,'2022-03-05','bernard')
INSERT INTO origin.sales (sales_id,seller_id,item_description,value,date,supervisor_name) VALUES (235,1,'shoe',30,'2022-03-06','bernard')
INSERT INTO origin.sales (sales_id,seller_id,item_description,value,date,supervisor_name) VALUES (236,1,'t-shirt',25,'2022-03-07','bernard')
INSERT INTO origin.sales (sales_id,seller_id,item_description,value,date,supervisor_name) VALUES (237,1,'t-shirt',25,'2022-03-08','bernard')
INSERT INTO origin.sales (sales_id,seller_id,item_description,value,date,supervisor_name) VALUES (238,1,'t-shirt',25,'2022-03-09','bernard')
INSERT INTO origin.sales (sales_id,seller_id,item_description,value,date,supervisor_name) VALUES (239,1,'t-shirt',25,'2022-03-10','bernard')
INSERT INTO origin.sales (sales_id,seller_id,item_description,value,date,supervisor_name) VALUES (240,2,'shorts',40,'2022-03-11','julian')
INSERT INTO origin.sales (sales_id,seller_id,item_description,value,date,supervisor_name) VALUES (241,2,'shorts',30,'2022-03-12','julian')
INSERT INTO origin.sales (sales_id,seller_id,item_description,value,date,supervisor_name) VALUES (242,2,'shorts',40,'2022-03-13','julian')
INSERT INTO origin.sales (sales_id,seller_id,item_description,value,date,supervisor_name) VALUES (243,2,'shorts',50,'2022-03-14','julian')
INSERT INTO origin.sales (sales_id,seller_id,item_description,value,date,supervisor_name) VALUES (244,3,'shorts',60,'2022-03-15','julian')
INSERT INTO origin.sales (sales_id,seller_id,item_description,value,date,supervisor_name) VALUES (245,3,'sneakers',35,'2022-03-16','julian')
INSERT INTO origin.sales (sales_id,seller_id,item_description,value,date,supervisor_name) VALUES (246,3,'sneakers',35,'2022-03-17','julian')
INSERT INTO origin.sales (sales_id,seller_id,item_description,value,date,supervisor_name) VALUES (247,3,'sneakers',60,'2022-03-18','julian')
INSERT INTO origin.sales (sales_id,seller_id,item_description,value,date,supervisor_name) VALUES (248,3,'sneakers',35,'2022-03-19','julian')
INSERT INTO origin.sales (sales_id,seller_id,item_description,value,date,supervisor_name) VALUES (249,2,'sneakers',210,'2022-03-20','julian')
INSERT INTO origin.sales (sales_id,seller_id,item_description,value,date,supervisor_name) VALUES (250,1,'t-shirt',30,'2022-03-21','bernard')
INSERT INTO origin.sales (sales_id,seller_id,item_description,value,date,supervisor_name) VALUES (251,1,'t-shirt',30,'2022-03-22','bernard')
INSERT INTO origin.sales (sales_id,seller_id,item_description,value,date,supervisor_name) VALUES (252,1,'t-shirt',40,'2022-03-23','bernard')
INSERT INTO origin.sales (sales_id,seller_id,item_description,value,date,supervisor_name) VALUES (253,1,'t-shirt',50,'2022-03-24','bernard')
INSERT INTO origin.sales (sales_id,seller_id,item_description,value,date,supervisor_name) VALUES (254,2,'shorts',40,'2022-03-25','julian')
INSERT INTO origin.sales (sales_id,seller_id,item_description,value,date,supervisor_name) VALUES (255,2,'shorts',40,'2022-03-26','julian')
INSERT INTO origin.sales (sales_id,seller_id,item_description,value,date,supervisor_name) VALUES (256,2,'shorts',35,'2022-03-27','julian')
INSERT INTO origin.sales (sales_id,seller_id,item_description,value,date,supervisor_name) VALUES (257,2,'shorts',35,'2022-03-28','julian')
INSERT INTO origin.sales (sales_id,seller_id,item_description,value,date,supervisor_name) VALUES (258,3,'shorts',35,'2022-03-29','julian')
INSERT INTO origin.sales (sales_id,seller_id,item_description,value,date,supervisor_name) VALUES (259,3,'sneakers',35,'2022-03-30','julian')
INSERT INTO origin.sales (sales_id,seller_id,item_description,value,date,supervisor_name) VALUES (260,3,'sneakers',50,'2022-03-31','julian')
INSERT INTO origin.sales (sales_id,seller_id,item_description,value,date,supervisor_name) VALUES (261,3,'sneakers',40,'2022-04-01','julian')
INSERT INTO origin.sales (sales_id,seller_id,item_description,value,date,supervisor_name) VALUES (262,3,'sneakers',50,'2022-04-02','julian')
INSERT INTO origin.sales (sales_id,seller_id,item_description,value,date,supervisor_name) VALUES (263,2,'sneakers',60,'2022-04-03','julian')
INSERT INTO origin.sales (sales_id,seller_id,item_description,value,date,supervisor_name) VALUES (264,1,'t-shirt',70,'2022-04-04','bernard')
INSERT INTO origin.sales (sales_id,seller_id,item_description,value,date,supervisor_name) VALUES (265,3,'sneakers',45,'2022-04-05','julian')
INSERT INTO origin.sales (sales_id,seller_id,item_description,value,date,supervisor_name) VALUES (266,3,'sneakers',45,'2022-04-06','julian')
INSERT INTO origin.sales (sales_id,seller_id,item_description,value,date,supervisor_name) VALUES (267,3,'sneakers',70,'2022-04-07','julian')
INSERT INTO origin.sales (sales_id,seller_id,item_description,value,date,supervisor_name) VALUES (268,3,'sneakers',45,'2022-04-08','julian')
INSERT INTO origin.sales (sales_id,seller_id,item_description,value,date,supervisor_name) VALUES (269,2,'sneakers',220,'2022-04-09','julian')
INSERT INTO origin.sales (sales_id,seller_id,item_description,value,date,supervisor_name) VALUES (270,1,'t-shirt',40,'2022-04-10','bernard')
INSERT INTO origin.sales (sales_id,seller_id,item_description,value,date,supervisor_name) VALUES (271,1,'t-shirt',40,'2022-04-11','bernard')
INSERT INTO origin.sales (sales_id,seller_id,item_description,value,date,supervisor_name) VALUES (272,1,'t-shirt',50,'2022-04-12','bernard')
INSERT INTO origin.sales (sales_id,seller_id,item_description,value,date,supervisor_name) VALUES (273,1,'t-shirt',60,'2022-04-13','bernard')
INSERT INTO origin.sales (sales_id,seller_id,item_description,value,date,supervisor_name) VALUES (274,2,'shorts',50,'2022-04-14','julian')
INSERT INTO origin.sales (sales_id,seller_id,item_description,value,date,supervisor_name) VALUES (275,2,'shorts',50,'2022-04-15','julian')
INSERT INTO origin.sales (sales_id,seller_id,item_description,value,date,supervisor_name) VALUES (276,2,'shorts',45,'2022-04-16','julian')
INSERT INTO origin.sales (sales_id,seller_id,item_description,value,date,supervisor_name) VALUES (277,1,'t-shirt',45,'2022-04-17','bernard')
INSERT INTO origin.sales (sales_id,seller_id,item_description,value,date,supervisor_name) VALUES (278,1,'t-shirt',45,'2022-04-18','bernard')
INSERT INTO origin.sales (sales_id,seller_id,item_description,value,date,supervisor_name) VALUES (279,1,'shoe',45,'2022-04-19','bernard')
INSERT INTO origin.sales (sales_id,seller_id,item_description,value,date,supervisor_name) VALUES (280,1,'shoe',60,'2022-04-20','bernard')
INSERT INTO origin.sales (sales_id,seller_id,item_description,value,date,supervisor_name) VALUES (281,1,'shoe',50,'2022-04-21','bernard')
INSERT INTO origin.sales (sales_id,seller_id,item_description,value,date,supervisor_name) VALUES (282,1,'shoe',60,'2022-04-22','bernard')
INSERT INTO origin.sales (sales_id,seller_id,item_description,value,date,supervisor_name) VALUES (283,1,'t-shirt',70,'2022-04-23','bernard')
INSERT INTO origin.sales (sales_id,seller_id,item_description,value,date,supervisor_name) VALUES (284,1,'t-shirt',80,'2022-04-24','bernard')
INSERT INTO origin.sales (sales_id,seller_id,item_description,value,date,supervisor_name) VALUES (285,1,'t-shirt',55,'2022-04-25','bernard')
INSERT INTO origin.sales (sales_id,seller_id,item_description,value,date,supervisor_name) VALUES (286,1,'t-shirt',55,'2022-04-26','bernard')
INSERT INTO origin.sales (sales_id,seller_id,item_description,value,date,supervisor_name) VALUES (287,2,'shorts',80,'2022-04-27','julian')
INSERT INTO origin.sales (sales_id,seller_id,item_description,value,date,supervisor_name) VALUES (288,2,'shorts',55,'2022-04-28','julian')
INSERT INTO origin.sales (sales_id,seller_id,item_description,value,date,supervisor_name) VALUES (289,2,'shorts',230,'2022-04-29','julian')
INSERT INTO origin.sales (sales_id,seller_id,item_description,value,date,supervisor_name) VALUES (290,2,'shorts',50,'2022-04-30','julian')
INSERT INTO origin.sales (sales_id,seller_id,item_description,value,date,supervisor_name) VALUES (291,3,'shorts',50,'2022-05-01','julian')
INSERT INTO origin.sales (sales_id,seller_id,item_description,value,date,supervisor_name) VALUES (292,3,'sneakers',60,'2022-05-02','julian')
INSERT INTO origin.sales (sales_id,seller_id,item_description,value,date,supervisor_name) VALUES (293,3,'sneakers',70,'2022-05-03','julian')
INSERT INTO origin.sales (sales_id,seller_id,item_description,value,date,supervisor_name) VALUES (294,3,'sneakers',60,'2022-05-04','julian')
INSERT INTO origin.sales (sales_id,seller_id,item_description,value,date,supervisor_name) VALUES (295,3,'sneakers',60,'2022-05-05','julian')
INSERT INTO origin.sales (sales_id,seller_id,item_description,value,date,supervisor_name) VALUES (296,2,'sneakers',55,'2022-05-06','julian')
INSERT INTO origin.sales (sales_id,seller_id,item_description,value,date,supervisor_name) VALUES (297,1,'t-shirt',55,'2022-05-07','bernard')
INSERT INTO origin.sales (sales_id,seller_id,item_description,value,date,supervisor_name) VALUES (298,1,'t-shirt',55,'2022-05-08','bernard')
INSERT INTO origin.sales (sales_id,seller_id,item_description,value,date,supervisor_name) VALUES (299,1,'shoe',55,'2022-05-09','bernard')
INSERT INTO origin.sales (sales_id,seller_id,item_description,value,date,supervisor_name) VALUES (300,1,'shoe',70,'2022-05-10','bernard')
INSERT INTO origin.sales (sales_id,seller_id,item_description,value,date,supervisor_name) VALUES (301,1,'shoe',60,'2022-05-11','bernard')
INSERT INTO origin.sales (sales_id,seller_id,item_description,value,date,supervisor_name) VALUES (302,1,'shoe',70,'2022-05-12','bernard')
INSERT INTO origin.sales (sales_id,seller_id,item_description,value,date,supervisor_name) VALUES (303,1,'t-shirt',80,'2022-05-13','bernard')
INSERT INTO origin.sales (sales_id,seller_id,item_description,value,date,supervisor_name) VALUES (304,1,'t-shirt',90,'2022-05-14','bernard')
INSERT INTO origin.sales (sales_id,seller_id,item_description,value,date,supervisor_name) VALUES (305,1,'t-shirt',65,'2022-05-15','bernard')
INSERT INTO origin.sales (sales_id,seller_id,item_description,value,date,supervisor_name) VALUES (306,1,'t-shirt',65,'2022-05-16','bernard')
INSERT INTO origin.sales (sales_id,seller_id,item_description,value,date,supervisor_name) VALUES (307,2,'shorts',90,'2022-05-17','julian')
INSERT INTO origin.sales (sales_id,seller_id,item_description,value,date,supervisor_name) VALUES (308,2,'shorts',65,'2022-05-18','julian')
INSERT INTO origin.sales (sales_id,seller_id,item_description,value,date,supervisor_name) VALUES (309,2,'shorts',240,'2022-05-19','julian')
INSERT INTO origin.sales (sales_id,seller_id,item_description,value,date,supervisor_name) VALUES (310,2,'shorts',60,'2022-05-20','julian')
INSERT INTO origin.sales (sales_id,seller_id,item_description,value,date,supervisor_name) VALUES (311,3,'shorts',60,'2022-05-21','julian')
INSERT INTO origin.sales (sales_id,seller_id,item_description,value,date,supervisor_name) VALUES (312,3,'sneakers',70,'2022-05-22','julian')
INSERT INTO origin.sales (sales_id,seller_id,item_description,value,date,supervisor_name) VALUES (313,3,'sneakers',80,'2022-05-23','julian')
INSERT INTO origin.sales (sales_id,seller_id,item_description,value,date,supervisor_name) VALUES (314,3,'sneakers',70,'2022-05-24','julian')
INSERT INTO origin.sales (sales_id,seller_id,item_description,value,date,supervisor_name) VALUES (315,3,'sneakers',70,'2022-05-25','julian')
INSERT INTO origin.sales (sales_id,seller_id,item_description,value,date,supervisor_name) VALUES (316,2,'sneakers',65,'2022-05-26','julian')
INSERT INTO origin.sales (sales_id,seller_id,item_description,value,date,supervisor_name) VALUES (317,1,'t-shirt',65,'2022-05-27','bernard')
INSERT INTO origin.sales (sales_id,seller_id,item_description,value,date,supervisor_name) VALUES (318,1,'t-shirt',65,'2022-05-28','bernard')
INSERT INTO origin.sales (sales_id,seller_id,item_description,value,date,supervisor_name) VALUES (319,1,'t-shirt',65,'2022-05-29','bernard')
INSERT INTO origin.sales (sales_id,seller_id,item_description,value,date,supervisor_name) VALUES (320,1,'t-shirt',80,'2022-05-30','bernard')
INSERT INTO origin.sales (sales_id,seller_id,item_description,value,date,supervisor_name) VALUES (321,2,'shorts',70,'2022-05-31','julian')
INSERT INTO origin.sales (sales_id,seller_id,item_description,value,date,supervisor_name) VALUES (322,2,'shorts',80,'2022-06-01','julian')
INSERT INTO origin.sales (sales_id,seller_id,item_description,value,date,supervisor_name) VALUES (323,2,'shorts',90,'2022-06-02','julian')
INSERT INTO origin.sales (sales_id,seller_id,item_description,value,date,supervisor_name) VALUES (324,2,'shorts',100,'2022-06-03','julian')
INSERT INTO origin.sales (sales_id,seller_id,item_description,value,date,supervisor_name) VALUES (325,3,'shorts',75,'2022-06-04','julian')
INSERT INTO origin.sales (sales_id,seller_id,item_description,value,date,supervisor_name) VALUES (326,3,'sneakers',75,'2022-06-05','julian')
INSERT INTO origin.sales (sales_id,seller_id,item_description,value,date,supervisor_name) VALUES (327,3,'sneakers',100,'2022-06-06','julian')
INSERT INTO origin.sales (sales_id,seller_id,item_description,value,date,supervisor_name) VALUES (328,3,'sneakers',75,'2022-06-07','julian')
INSERT INTO origin.sales (sales_id,seller_id,item_description,value,date,supervisor_name) VALUES (329,3,'sneakers',250,'2022-06-08','julian')
INSERT INTO origin.sales (sales_id,seller_id,item_description,value,date,supervisor_name) VALUES (330,2,'sneakers',70,'2022-06-09','julian')
INSERT INTO origin.sales (sales_id,seller_id,item_description,value,date,supervisor_name) VALUES (331,1,'t-shirt',70,'2022-06-10','bernard')
INSERT INTO origin.sales (sales_id,seller_id,item_description,value,date,supervisor_name) VALUES (332,3,'sneakers',80,'2022-06-11','julian')
INSERT INTO origin.sales (sales_id,seller_id,item_description,value,date,supervisor_name) VALUES (333,3,'sneakers',90,'2022-06-12','julian')
INSERT INTO origin.sales (sales_id,seller_id,item_description,value,date,supervisor_name) VALUES (334,3,'sneakers',80,'2022-06-13','julian')
INSERT INTO origin.sales (sales_id,seller_id,item_description,value,date,supervisor_name) VALUES (335,3,'sneakers',80,'2022-06-14','julian')
INSERT INTO origin.sales (sales_id,seller_id,item_description,value,date,supervisor_name) VALUES (336,2,'sneakers',75,'2022-06-15','julian')
INSERT INTO origin.sales (sales_id,seller_id,item_description,value,date,supervisor_name) VALUES (337,1,'t-shirt',75,'2022-06-16','bernard')
INSERT INTO origin.sales (sales_id,seller_id,item_description,value,date,supervisor_name) VALUES (338,1,'t-shirt',75,'2022-06-17','bernard')
INSERT INTO origin.sales (sales_id,seller_id,item_description,value,date,supervisor_name) VALUES (339,1,'t-shirt',75,'2022-06-18','bernard')
INSERT INTO origin.sales (sales_id,seller_id,item_description,value,date,supervisor_name) VALUES (340,1,'t-shirt',90,'2022-06-19','bernard')
INSERT INTO origin.sales (sales_id,seller_id,item_description,value,date,supervisor_name) VALUES (341,2,'shorts',80,'2022-06-20','julian')
INSERT INTO origin.sales (sales_id,seller_id,item_description,value,date,supervisor_name) VALUES (342,2,'shorts',90,'2022-06-21','julian')
INSERT INTO origin.sales (sales_id,seller_id,item_description,value,date,supervisor_name) VALUES (343,2,'shorts',100,'2022-06-22','julian')
INSERT INTO origin.sales (sales_id,seller_id,item_description,value,date,supervisor_name) VALUES (344,2,'sneakers',110,'2022-04-09','julian')
INSERT INTO origin.sales (sales_id,seller_id,item_description,value,date,supervisor_name) VALUES (345,1,'t-shirt',85,'2022-04-10','bernard')
INSERT INTO origin.sales (sales_id,seller_id,item_description,value,date,supervisor_name) VALUES (346,1,'t-shirt',85,'2022-04-11','bernard')
INSERT INTO origin.sales (sales_id,seller_id,item_description,value,date,supervisor_name) VALUES (347,1,'t-shirt',110,'2022-04-12','bernard')
INSERT INTO origin.sales (sales_id,seller_id,item_description,value,date,supervisor_name) VALUES (348,1,'t-shirt',85,'2022-04-13','bernard')
INSERT INTO origin.sales (sales_id,seller_id,item_description,value,date,supervisor_name) VALUES (349,2,'shorts',260,'2022-04-14','julian')
INSERT INTO origin.sales (sales_id,seller_id,item_description,value,date,supervisor_name) VALUES (350,2,'shorts',80,'2022-04-15','julian')
INSERT INTO origin.sales (sales_id,seller_id,item_description,value,date,supervisor_name) VALUES (351,2,'shorts',80,'2022-04-16','julian')
INSERT INTO origin.sales (sales_id,seller_id,item_description,value,date,supervisor_name) VALUES (352,1,'t-shirt',90,'2022-04-17','bernard')
INSERT INTO origin.sales (sales_id,seller_id,item_description,value,date,supervisor_name) VALUES (353,1,'t-shirt',100,'2022-04-18','bernard')
INSERT INTO origin.sales (sales_id,seller_id,item_description,value,date,supervisor_name) VALUES (354,1,'shoe',90,'2022-04-19','bernard')
INSERT INTO origin.sales (sales_id,seller_id,item_description,value,date,supervisor_name) VALUES (355,1,'shoe',90,'2022-04-20','bernard')
INSERT INTO origin.sales (sales_id,seller_id,item_description,value,date,supervisor_name) VALUES (356,1,'shoe',85,'2022-04-21','bernard')
INSERT INTO origin.sales (sales_id,seller_id,item_description,value,date,supervisor_name) VALUES (357,1,'shoe',85,'2022-04-22','bernard')
INSERT INTO origin.sales (sales_id,seller_id,item_description,value,date,supervisor_name) VALUES (358,1,'t-shirt',85,'2022-04-23','bernard')
INSERT INTO origin.sales (sales_id,seller_id,item_description,value,date,supervisor_name) VALUES (359,1,'t-shirt',85,'2022-04-24','bernard')
INSERT INTO origin.sales (sales_id,seller_id,item_description,value,date,supervisor_name) VALUES (360,1,'t-shirt',100,'2022-04-25','bernard')
INSERT INTO origin.sales (sales_id,seller_id,item_description,value,date,supervisor_name) VALUES (361,1,'t-shirt',90,'2022-04-26','bernard')
INSERT INTO origin.sales (sales_id,seller_id,item_description,value,date,supervisor_name) VALUES (362,2,'shorts',100,'2022-04-27','julian')
INSERT INTO origin.sales (sales_id,seller_id,item_description,value,date,supervisor_name) VALUES (363,2,'shorts',110,'2022-04-28','julian')
INSERT INTO origin.sales (sales_id,seller_id,item_description,value,date,supervisor_name) VALUES (364,2,'shorts',120,'2022-04-29','julian')
INSERT INTO origin.sales (sales_id,seller_id,item_description,value,date,supervisor_name) VALUES (365,2,'shorts',95,'2022-04-30','julian')
INSERT INTO origin.sales (sales_id,seller_id,item_description,value,date,supervisor_name) VALUES (366,3,'shorts',95,'2022-05-01','julian')
INSERT INTO origin.sales (sales_id,seller_id,item_description,value,date,supervisor_name) VALUES (367,3,'sneakers',120,'2022-05-02','julian')
INSERT INTO origin.sales (sales_id,seller_id,item_description,value,date,supervisor_name) VALUES (368,3,'sneakers',95,'2022-05-03','julian')
INSERT INTO origin.sales (sales_id,seller_id,item_description,value,date,supervisor_name) VALUES (369,3,'sneakers',270,'2022-05-04','julian')
INSERT INTO origin.sales (sales_id,seller_id,item_description,value,date,supervisor_name) VALUES (370,3,'sneakers',90,'2022-05-05','julian')
INSERT INTO origin.sales (sales_id,seller_id,item_description,value,date,supervisor_name) VALUES (371,2,'sneakers',90,'2022-05-06','julian')
INSERT INTO origin.sales (sales_id,seller_id,item_description,value,date,supervisor_name) VALUES (372,1,'t-shirt',100,'2022-05-07','bernard')
INSERT INTO origin.sales (sales_id,seller_id,item_description,value,date,supervisor_name) VALUES (373,1,'t-shirt',110,'2022-05-08','bernard')
INSERT INTO origin.sales (sales_id,seller_id,item_description,value,date,supervisor_name) VALUES (374,1,'shoe',100,'2022-05-09','bernard')
INSERT INTO origin.sales (sales_id,seller_id,item_description,value,date,supervisor_name) VALUES (375,1,'shoe',100,'2022-05-10','bernard')
INSERT INTO origin.sales (sales_id,seller_id,item_description,value,date,supervisor_name) VALUES (376,1,'shoe',95,'2022-05-11','bernard')
INSERT INTO origin.sales (sales_id,seller_id,item_description,value,date,supervisor_name) VALUES (377,1,'shoe',95,'2022-05-12','bernard')
INSERT INTO origin.sales (sales_id,seller_id,item_description,value,date,supervisor_name) VALUES (378,1,'t-shirt',95,'2022-05-13','bernard')
INSERT INTO origin.sales (sales_id,seller_id,item_description,value,date,supervisor_name) VALUES (379,1,'t-shirt',95,'2022-05-14','bernard')
INSERT INTO origin.sales (sales_id,seller_id,item_description,value,date,supervisor_name) VALUES (380,1,'t-shirt',110,'2022-05-15','bernard')
INSERT INTO origin.sales (sales_id,seller_id,item_description,value,date,supervisor_name) VALUES (381,1,'t-shirt',100,'2022-05-16','bernard')
INSERT INTO origin.sales (sales_id,seller_id,item_description,value,date,supervisor_name) VALUES (382,2,'shorts',110,'2022-05-17','julian')
INSERT INTO origin.sales (sales_id,seller_id,item_description,value,date,supervisor_name) VALUES (383,2,'shorts',120,'2022-05-18','julian')
INSERT INTO origin.sales (sales_id,seller_id,item_description,value,date,supervisor_name) VALUES (384,2,'shorts',130,'2022-05-19','julian')
INSERT INTO origin.sales (sales_id,seller_id,item_description,value,date,supervisor_name) VALUES (385,2,'shorts',105,'2022-05-20','julian')
INSERT INTO origin.sales (sales_id,seller_id,item_description,value,date,supervisor_name) VALUES (386,3,'shorts',105,'2022-05-21','julian')
INSERT INTO origin.sales (sales_id,seller_id,item_description,value,date,supervisor_name) VALUES (387,3,'sneakers',130,'2022-05-22','julian')
INSERT INTO origin.sales (sales_id,seller_id,item_description,value,date,supervisor_name) VALUES (388,3,'sneakers',105,'2022-05-23','julian')
INSERT INTO origin.sales (sales_id,seller_id,item_description,value,date,supervisor_name) VALUES (389,3,'sneakers',280,'2022-05-24','julian')
INSERT INTO origin.sales (sales_id,seller_id,item_description,value,date,supervisor_name) VALUES (390,3,'sneakers',100,'2022-05-25','julian')
INSERT INTO origin.sales (sales_id,seller_id,item_description,value,date,supervisor_name) VALUES (391,2,'sneakers',100,'2022-05-26','julian')
INSERT INTO origin.sales (sales_id,seller_id,item_description,value,date,supervisor_name) VALUES (392,1,'t-shirt',110,'2022-05-27','bernard')
INSERT INTO origin.sales (sales_id,seller_id,item_description,value,date,supervisor_name) VALUES (393,1,'t-shirt',120,'2022-05-28','bernard')
INSERT INTO origin.sales (sales_id,seller_id,item_description,value,date,supervisor_name) VALUES (394,1,'t-shirt',110,'2022-05-29','bernard')
INSERT INTO origin.sales (sales_id,seller_id,item_description,value,date,supervisor_name) VALUES (395,1,'t-shirt',110,'2022-05-30','bernard')
INSERT INTO origin.sales (sales_id,seller_id,item_description,value,date,supervisor_name) VALUES (396,2,'shorts',105,'2022-05-31','julian')
INSERT INTO origin.sales (sales_id,seller_id,item_description,value,date,supervisor_name) VALUES (397,2,'shorts',105,'2022-06-01','julian')
INSERT INTO origin.sales (sales_id,seller_id,item_description,value,date,supervisor_name) VALUES (398,2,'shorts',105,'2022-06-02','julian')
INSERT INTO origin.sales (sales_id,seller_id,item_description,value,date,supervisor_name) VALUES (399,2,'shorts',105,'2022-06-03','julian')
INSERT INTO origin.sales (sales_id,seller_id,item_description,value,date,supervisor_name) VALUES (400,3,'shorts',120,'2022-06-04','julian')
INSERT INTO origin.sales (sales_id,seller_id,item_description,value,date,supervisor_name) VALUES (401,3,'sneakers',110,'2022-06-05','julian')
INSERT INTO origin.sales (sales_id,seller_id,item_description,value,date,supervisor_name) VALUES (402,3,'sneakers',120,'2022-06-06','julian')
INSERT INTO origin.sales (sales_id,seller_id,item_description,value,date,supervisor_name) VALUES (403,3,'sneakers',130,'2022-06-07','julian')
INSERT INTO origin.sales (sales_id,seller_id,item_description,value,date,supervisor_name) VALUES (404,3,'sneakers',140,'2022-06-08','julian')
INSERT INTO origin.sales (sales_id,seller_id,item_description,value,date,supervisor_name) VALUES (405,2,'sneakers',115,'2022-06-09','julian')
INSERT INTO origin.sales (sales_id,seller_id,item_description,value,date,supervisor_name) VALUES (406,1,'t-shirt',115,'2022-06-10','bernard')
INSERT INTO origin.sales (sales_id,seller_id,item_description,value,date,supervisor_name) VALUES (407,3,'sneakers',140,'2022-06-11','julian')
INSERT INTO origin.sales (sales_id,seller_id,item_description,value,date,supervisor_name) VALUES (408,3,'sneakers',115,'2022-06-12','julian')
INSERT INTO origin.sales (sales_id,seller_id,item_description,value,date,supervisor_name) VALUES (409,3,'sneakers',290,'2022-06-13','julian')
INSERT INTO origin.sales (sales_id,seller_id,item_description,value,date,supervisor_name) VALUES (410,3,'sneakers',110,'2022-06-14','julian')
INSERT INTO origin.sales (sales_id,seller_id,item_description,value,date,supervisor_name) VALUES (411,2,'sneakers',110,'2022-06-15','julian')
INSERT INTO origin.sales (sales_id,seller_id,item_description,value,date,supervisor_name) VALUES (412,1,'t-shirt',120,'2022-06-16','bernard')
INSERT INTO origin.sales (sales_id,seller_id,item_description,value,date,supervisor_name) VALUES (413,1,'t-shirt',130,'2022-06-17','bernard')
INSERT INTO origin.sales (sales_id,seller_id,item_description,value,date,supervisor_name) VALUES (414,1,'t-shirt',120,'2022-06-18','bernard')
INSERT INTO origin.sales (sales_id,seller_id,item_description,value,date,supervisor_name) VALUES (415,1,'t-shirt',120,'2022-06-19','bernard')
INSERT INTO origin.sales (sales_id,seller_id,item_description,value,date,supervisor_name) VALUES (416,2,'shorts',115,'2022-06-20','julian')
INSERT INTO origin.sales (sales_id,seller_id,item_description,value,date,supervisor_name) VALUES (417,2,'shorts',115,'2022-06-21','julian')
INSERT INTO origin.sales (sales_id,seller_id,item_description,value,date,supervisor_name) VALUES (418,2,'shorts',115,'2022-06-22','julian')



CREATE TABLE origin.sellers (
sellers_id int not null,
name varchar(max) not null,
adress_id int not null,
phone_id int not null
)

INSERT INTO origin.sellers (sellers_id,name,adress_id,phone_id) VALUES (1,'Michael',1,1)
INSERT INTO origin.sellers (sellers_id,name,adress_id,phone_id) VALUES (2,'Morrison',2,2)
INSERT INTO origin.sellers (sellers_id,name,adress_id,phone_id) VALUES (3,'Jacques',3,3)

CREATE TABLE origin.address (
sellers_adress_id int not null,
street varchar(max) not null,
city varchar(max) not null,
state varchar(max) not null,
country varchar(max) not null,
number varchar(max) not null
)

INSERT INTO origin.address (sellers_adress_id,street,city,state,country,number) VALUES (1,'First Avenue','New York','New York','United States',100)
INSERT INTO origin.address (sellers_adress_id,street,city,state,country,number) VALUES (2,'45 st','New York','New York','United States',20)
INSERT INTO origin.address (sellers_adress_id,street,city,state,country,number) VALUES (3,'First Avenue','New York','New York','United States',30)

CREATE TABLE origin.phone (
sellers_phone_id int not null,
phone_number varchar(max) not null,
phone_type int not null
)

INSERT INTO origin.phone (sellers_phone_id,phone_number,phone_type) VALUES ('1','202-555-0188',1)
INSERT INTO origin.phone (sellers_phone_id,phone_number,phone_type) VALUES ('2','202-555-0133',1)
INSERT INTO origin.phone (sellers_phone_id,phone_number,phone_type) VALUES ('3','202-555-0164',2)
INSERT INTO origin.phone (sellers_phone_id,phone_number,phone_type) VALUES ('1','202-555-0131',1)
INSERT INTO origin.phone (sellers_phone_id,phone_number,phone_type) VALUES ('2','202-555-0162',1)
INSERT INTO origin.phone (sellers_phone_id,phone_number,phone_type) VALUES ('3','202-555-0129',2)

